Position,Identity
1,0.71
2,0.37
3,0.38
4,0.30
5,0.30
6,0.29
7,0.22
8,0.24
9,0.45
10,0.25
11,0.46
12,0.53
13,0.91
14,0.33
15,0.34
16,0.84
17,0.78
18,0.41
19,0.36
20,0.86
21,0.25
22,0.39
23,0.52
24,0.43
25,0.37
26,0.28
27,0.30
28,1.00
29,0.28
30,0.40
31,0.92
32,0.44
33,0.95
34,0.53
35,0.82
36,0.41
37,0.53
38,0.99
39,0.30
40,0.18
41,0.52
42,0.98
43,0.99
44,0.53
45,0.53
46,0.52
47,1.00
48,0.53
49,1.00
50,0.52
51,0.88
52,0.99
53,0.44
54,0.50
55,1.00
56,0.44
57,0.35
58,0.52
59,0.53
60,0.31
61,0.34
62,0.62
63,0.50
64,0.50
65,0.38
66,0.48
67,0.46
68,0.40
69,0.35
70,0.70
71,0.19
72,0.22
73,0.43
74,0.47
75,0.40
76,0.35
77,0.44
78,0.17
79,0.28
80,0.23
81,0.55
82,0.90
83,0.34
84,0.56
85,0.48
86,0.26
87,0.18
88,0.46
89,0.28
90,0.57
91,0.30
92,0.39
93,0.51
94,0.26
95,0.36
96,0.37
97,0.48
98,0.19
99,0.44
100,0.21
101,0.38
102,0.36
103,0.51
104,0.79
105,0.45
106,0.32
107,0.37
108,0.90
109,0.64
110,0.16
111,0.20
112,0.39
113,0.35
114,0.44
115,0.70
116,0.52
117,0.52
118,0.41
119,0.73
120,0.51
121,0.31
122,0.44
123,0.43
124,0.51
125,0.26
126,0.20
127,0.92
128,0.33
129,0.30
130,0.39
131,0.33
132,0.39
133,0.29
134,0.28
135,0.41
136,0.61
137,0.18
138,0.09
139,0.14
140,0.38
141,0.43
142,0.23
143,0.43
144,0.27
145,0.87
146,0.44
147,0.43
148,0.33
149,0.20
150,0.21
151,0.88
152,0.41
153,0.50
154,0.25
155,0.35
156,0.21
157,0.17
158,0.29
159,0.80
160,0.41
161,0.18
162,0.27
163,0.46
164,0.92
165,0.19
166,0.24
167,0.49
168,0.33
169,0.67
170,0.36
171,0.30
172,0.49
173,1.00
174,0.24
175,0.43
176,0.21
177,0.49
178,0.42
179,0.50
180,0.50
181,0.39
182,0.35
183,0.46
184,0.35
185,0.33
186,0.17
187,0.46
188,0.33
189,0.16
190,0.26
191,0.49
192,0.37
193,0.35
194,0.88
195,0.26
196,0.34
197,0.32
198,0.21
199,0.30
200,0.41
201,0.38
202,0.34
203,0.47
204,0.43
205,0.66
206,0.87
207,0.39
208,0.91
209,0.87
210,0.40
211,0.07
